exclude_outliers,window,model,RMSE,RMSE,MAE,MAE,R2,R2
,,,mean,std,mean,std,mean,std
False,full_32_42,CatBoost,0.01356270483043398,0.004624005160931984,0.011657150987294432,0.004708382850229879,0.956308001154453,0.04739021314326178
False,full_32_42,ElasticNet,0.01218235238572721,0.005586017507794179,0.011340432633857851,0.005667523988701049,0.9605284543083963,0.047285290525163046
False,full_32_42,ExtraTrees,0.010448665809492597,0.0050773392992546195,0.009309782237469854,0.005279873122945357,0.9689057675799638,0.04258679859831564
False,full_32_42,HistGB,0.03522883690483129,0.00611882978359937,0.02950704713215648,0.006519949232610268,0.7650474718044039,0.10416814451259802
False,full_32_42,LightGBM,0.0380454059228016,0.00485836334503197,0.031860492041218345,0.004892827744412725,0.7310377091914417,0.1035203168422469
False,full_32_42,RandomForest,0.01089353150328506,0.004449757022610923,0.009591672335167365,0.004544637696074464,0.9698720544471628,0.03537351595786664
False,full_32_42,Ridge,0.011996991810317815,0.005679336765798158,0.01100589478693815,0.0054083632809627516,0.9611229819147024,0.0478860180009153
False,full_32_42,SVR,0.02336606104945248,0.008329229326800358,0.018835251267142812,0.008159273885811405,0.8678761318602011,0.14846380900204809
False,full_32_42,XGBoost,0.013951451278390032,0.006867759256008037,0.011406926291105655,0.006492182066165131,0.9401110264250079,0.0897959154227171
False,medium_35_40,CatBoost,0.015015802335833928,0.005289739243716736,0.012707993975237045,0.00559672666188608,0.9464617402317538,0.057714691316227036
False,medium_35_40,ElasticNet,0.015608261166069814,0.004574905053872877,0.013502727995275573,0.0044630526800261755,0.9428707758357973,0.06098885093784977
False,medium_35_40,ExtraTrees,0.010603997016880343,0.005027459821883677,0.009099245888194822,0.0047352192573149425,0.9689673342529488,0.040513838187909934
False,medium_35_40,HistGB,0.04221661202462204,0.0029215999005559852,0.03534456496327172,0.0012758524458828333,0.6545360906905031,0.18906731400963975
False,medium_35_40,LightGBM,0.04234351338736812,0.003079046566160324,0.035860080244589615,0.001843909301815641,0.6454123845577122,0.22285635557756672
False,medium_35_40,RandomForest,0.011506239044481807,0.005027517718285892,0.010154285668730166,0.004767584379398851,0.9655669106219987,0.04187860676466784
False,medium_35_40,Ridge,0.013960807151966315,0.005173587511719366,0.012095605104938786,0.004927770669633655,0.9510961198202104,0.05851344205973555
False,medium_35_40,SVR,0.027215728335783083,0.009195638227637021,0.021868338265831407,0.007993743447521759,0.8350058207714761,0.1442779505171687
False,medium_35_40,XGBoost,0.014778857480709253,0.00495278860979949,0.012166272139023299,0.005341099329689099,0.9431586699546333,0.07347009357493871
False,narrow_36_385,CatBoost,0.013502564321200164,0.006115668404779492,0.011339338242009441,0.005676657369284616,0.9526797771133213,0.05699946548968991
False,narrow_36_385,ElasticNet,0.010447321470015642,0.0048821656221314305,0.00942030208743422,0.005250149722327026,0.9691933931955294,0.04245326136439015
False,narrow_36_385,ExtraTrees,0.01057083816725803,0.005866857008140294,0.009657525919167034,0.0059970694121683045,0.9650685513733259,0.05271534676302447
False,narrow_36_385,HistGB,0.040553430935356724,0.00855541189288943,0.03278892268294148,0.006966810713309265,0.7034433940401744,0.11083523823766704
False,narrow_36_385,LightGBM,0.039699412173791616,0.006983325372652729,0.03341356830078647,0.007648551336707923,0.7161981747801598,0.09206458435541696
False,narrow_36_385,RandomForest,0.010808616691760618,0.006119108511354334,0.009620977954726804,0.005841717375309636,0.966076819866671,0.044959077538464134
False,narrow_36_385,Ridge,0.010526584598761235,0.00486028322005476,0.009520206795695717,0.004956001633989281,0.9683475245567064,0.044795827940123996
False,narrow_36_385,SVR,0.024888587709889366,0.006510896220014276,0.02001381248158002,0.005205963225592377,0.8740591648874625,0.08627931234980618
False,narrow_36_385,XGBoost,0.013332332997459917,0.007019284587913618,0.011596976052579016,0.00714410203718104,0.9467622574996163,0.07375136198783727
False,very_narrow_365_38,CatBoost,0.015616349290284284,0.005438450925812661,0.012622558436462605,0.004985395943563442,0.9518861010122427,0.03130629469534618
False,very_narrow_365_38,ElasticNet,0.021454298608996156,0.0061783344042256865,0.019890756183002827,0.006213623415244574,0.8963610642372817,0.10152986481421175
False,very_narrow_365_38,ExtraTrees,0.012313791901511249,0.004682716501388753,0.009955355817785424,0.0045464619166480985,0.9672172893229314,0.027663245492017943
False,very_narrow_365_38,HistGB,0.04007007448935433,0.0072984237920203695,0.032907461664768774,0.007592309579560497,0.7119731426998509,0.0914694540819345
False,very_narrow_365_38,LightGBM,0.04043277378513962,0.005844115717000924,0.03364337948867308,0.006712609159353868,0.7094432801330732,0.06871832217409309
False,very_narrow_365_38,RandomForest,0.013723485336810842,0.005382131865696277,0.011058160310907821,0.004707581522154774,0.9618739874366773,0.028131631786848275
False,very_narrow_365_38,Ridge,0.02063721060892701,0.006238786032150393,0.018778287905874227,0.00592533452874474,0.9075421649854934,0.08002734675183708
False,very_narrow_365_38,SVR,0.03185252382815943,0.013936502867052572,0.027919752511289815,0.014925267772360673,0.7170741432404019,0.39215585375041906
False,very_narrow_365_38,XGBoost,0.017123915545765554,0.006119347561699559,0.013776756988024597,0.005478433975795864,0.9315384654692508,0.06520458776135667
True,full_32_42,CatBoost,0.018439905908097506,0.0073702204932113375,0.014880434066505438,0.006110743710172759,0.890952649062249,0.08098196706013565
True,full_32_42,ElasticNet,0.012672378470048162,0.0058554458168343275,0.011995688302611291,0.005836478167730851,0.9439032784863854,0.04479939739476008
True,full_32_42,ExtraTrees,0.010706548487566426,0.0052880316981563395,0.009615759619620894,0.005591987024996341,0.9576310721128618,0.04389206864971785
True,full_32_42,HistGB,0.04811056412801542,0.030492933343058977,0.03909369556011834,0.026595401068443585,0.21349638296922135,0.8773099468852136
True,full_32_42,LightGBM,0.0496084593677143,0.029546269415614026,0.04117392231440235,0.02548954992670748,0.1854513071005923,0.8633007542529874
True,full_32_42,RandomForest,0.012545427972846666,0.004506553039308244,0.010934203312639935,0.0042701804596254125,0.9488821177521114,0.04003013033407134
True,full_32_42,Ridge,0.013174895010901572,0.006123595947673317,0.01212042069622393,0.00607890064356245,0.9391172667216278,0.049190208875535976
True,full_32_42,SVR,0.03912460065494595,0.01137114804470759,0.028923591941911964,0.009788512430816278,0.5650679438016977,0.2258705892306593
True,full_32_42,XGBoost,0.013659789165732206,0.007279449815388037,0.011605880076049537,0.006916462844190026,0.9287927785019454,0.0890436384920183
True,medium_35_40,CatBoost,0.01971377949545273,0.005047204886431846,0.015643355587488212,0.004287276268857556,0.8844085166999,0.0640584004365584
True,medium_35_40,ElasticNet,0.018564927747489246,0.005788723281311788,0.016253453031523687,0.005208177558793409,0.8955927685676859,0.05928570523193468
True,medium_35_40,ExtraTrees,0.010978931641984302,0.004561575726797028,0.009532189238488371,0.004565445607602499,0.9581719907556259,0.038953433395615286
True,medium_35_40,HistGB,0.05303265756225445,0.027102099345342533,0.04398234530053267,0.02343557945210987,0.10627240782597891,0.8418924198397755
True,medium_35_40,LightGBM,0.053132621602924666,0.026618296093800342,0.04343764726786312,0.023426310683896945,0.11561055026664935,0.8294343067637785
True,medium_35_40,RandomForest,0.013146233349944442,0.0040160181325172685,0.011216163498338696,0.004090952130296321,0.9452586238438764,0.04017016904001058
True,medium_35_40,Ridge,0.017472973701735804,0.00483606203278157,0.014929050996941001,0.0041810056086640434,0.9074247295573155,0.05124907533831116
True,medium_35_40,SVR,0.04450396146012618,0.021119795378029133,0.03354693481437043,0.015860211336348972,0.4040372745677191,0.5310886892278577
True,medium_35_40,XGBoost,0.014521611050656389,0.006170546435925064,0.012041940784201432,0.0063337738555057956,0.9276624306593091,0.07504715967729257
True,narrow_36_385,CatBoost,0.01622019867332708,0.006938883610495795,0.013367114931239285,0.006455693938577678,0.907733366491415,0.09419283397918378
True,narrow_36_385,ElasticNet,0.011891444716434916,0.004875952611279276,0.011038739031282718,0.005215772133844109,0.9512606202219114,0.044561767617112315
True,narrow_36_385,ExtraTrees,0.010702606301223883,0.0061752309550612,0.009952030007926488,0.006277443259516839,0.9544639445560404,0.05515885226881098
True,narrow_36_385,HistGB,0.048716693186463524,0.028965414859732124,0.03973811633416367,0.025402477212255477,0.22036596738041095,0.8701462740358401
True,narrow_36_385,LightGBM,0.04814763790808137,0.029368415226930556,0.03909633195372094,0.025852999293851972,0.23240315409081935,0.8749871976008424
True,narrow_36_385,RandomForest,0.011505438928505909,0.004913022034722421,0.010441893277890557,0.005142504103222976,0.9534920129228184,0.048804006527501706
True,narrow_36_385,Ridge,0.011951040184325376,0.0050247468942776164,0.010838847066377477,0.00520191580577226,0.9502458834037146,0.04761947139331617
True,narrow_36_385,SVR,0.030167898840652824,0.0024836855812257266,0.022728040117972432,0.003129079068038666,0.7504979980528984,0.036745900023860224
True,narrow_36_385,XGBoost,0.013441075607898815,0.00701696670568529,0.011619223982260944,0.006982338315549124,0.935500401856258,0.06689215820092431
True,very_narrow_365_38,CatBoost,0.0199922275176559,0.005873191849609848,0.01620513316947355,0.004660412668133811,0.8746173223003957,0.08582561246358004
True,very_narrow_365_38,ElasticNet,0.024064604928665363,0.006859119872533159,0.022122641979396018,0.0069247538727897325,0.8199016144178246,0.11334634150916562
True,very_narrow_365_38,ExtraTrees,0.013384690224648962,0.004793487234093615,0.010976671539741975,0.00461513094374355,0.9421897640921676,0.04446364480726843
True,very_narrow_365_38,HistGB,0.04860909414650226,0.02897333756167753,0.039254158402185615,0.025868956627674685,0.2258605229648624,0.8693296815552995
True,very_narrow_365_38,LightGBM,0.04956316361168928,0.02835915783710966,0.04088575216520204,0.024908385970283456,0.2086778865403472,0.8589321202099003
True,very_narrow_365_38,RandomForest,0.015809355347440567,0.006027003657497066,0.012881872424169938,0.005525877089961162,0.9181370111657277,0.06697948062214838
True,very_narrow_365_38,Ridge,0.023136184273566607,0.005849013324086297,0.021104456268676575,0.0052029422311525055,0.8401488781831411,0.07864510213459489
True,very_narrow_365_38,SVR,0.03895278510112464,0.009463754238306494,0.032532613722032935,0.011793411252184798,0.5334902618827007,0.34071112264451503
True,very_narrow_365_38,XGBoost,0.017933819639436077,0.006643234672712431,0.014780503183239832,0.0062880197225597175,0.8949798183360436,0.08118328802137484
